{
  "eval_loss": 2.517450801531474,
  "eval_exact_match": 29.866666666666667,
  "eval_f1": 40.058997805666124,
  "eval_samples": 3000
}