{
  "eval_loss": 1.0675796759815885,
  "eval_exact_match": 78.37275307473983,
  "eval_f1": 85.96223822036696,
  "eval_samples": 10626
}