{
  "eval_loss": 2.156527277218855,
  "eval_exact_match": 66.58467360454115,
  "eval_f1": 76.05662291789577,
  "eval_samples": 10626
}