{
  "eval_loss": 5.3118042414983115,
  "eval_exact_match": 16.466666666666665,
  "eval_f1": 23.981840553280545,
  "eval_samples": 3000
}