{
  "eval_loss": 3.5518465026219688,
  "eval_exact_match": 18.6,
  "eval_f1": 28.248855617701032,
  "eval_samples": 3000
}