{
  "eval_loss": 1.40136228144124,
  "eval_exact_match": 68.85525070955535,
  "eval_f1": 77.75193399698402,
  "eval_samples": 10626
}