{
  "eval_loss": 1.0884553802706318,
  "eval_exact_match": 78.98770104068117,
  "eval_f1": 86.35141358245963,
  "eval_samples": 10626
}