{
  "eval_loss": 2.3154369677702586,
  "eval_exact_match": 42.9,
  "eval_f1": 55.1153201685068,
  "eval_samples": 3000
}