{
  "eval_loss": 2.6465614393552146,
  "eval_exact_match": 28.133333333333333,
  "eval_f1": 38.75496099581506,
  "eval_samples": 3000
}