{
  "eval_loss": 0.9357091099266117,
  "eval_exact_match": 86.46168401135289,
  "eval_f1": 92.43016779618077,
  "eval_samples": 10618
}