{"eval_exact_match": 17.833333333333332, "eval_f1": 28.477386429121722}
