{"eval_exact_match": 78.42951750236519, "eval_f1": 86.08154122314593}