{
  "eval_loss": 2.1578503975868224,
  "eval_exact_match": 42.333333333333336,
  "eval_f1": 54.04094194876824,
  "eval_samples": 3000
}