{
  "eval_loss": 1.1409284097441745,
  "eval_exact_match": 78.2876064333018,
  "eval_f1": 86.03840918824903,
  "eval_samples": 10626
}