{
  "eval_loss": 1.490467411355922,
  "eval_exact_match": 65.74266792809838,
  "eval_f1": 75.22266753309448,
  "eval_samples": 10626
}