{
  "eval_loss": 1.1186229770146787,
  "eval_exact_match": 78.13623462630085,
  "eval_f1": 85.97648159059985,
  "eval_samples": 10626
}