{
  "eval_loss": 0.9955323008642419,
  "eval_exact_match": 85.21286660359507,
  "eval_f1": 92.05924006142784,
  "eval_samples": 10626
}